,PLAYER_ID,RANK,PLAYER,TEAM_ID,TEAM,GP,MIN,FGM,FGA,FG_PCT,FG3M,FG3A,FG3_PCT,FTM,FTA,FT_PCT,OREB,DREB,REB,AST,STL,BLK,TOV,PTS,EFF
0,201142,1,Kevin Durant,1610612760,OKC,81,38.5,10.5,20.8,0.503,2.4,6.1,0.391,8.7,9.9,0.873,0.7,6.7,7.4,5.5,1.3,0.7,3.5,32.0,31.8
1,2546,2,Carmelo Anthony,1610612752,NYK,77,38.7,9.6,21.3,0.452,2.2,5.4,0.402,6.0,7.0,0.848,1.9,6.2,8.1,3.1,1.2,0.7,2.6,27.4,25.2
2,2544,3,LeBron James,1610612748,MIA,77,37.7,10.0,17.6,0.567,1.5,4.0,0.379,5.7,7.6,0.75,1.1,5.9,6.9,6.3,1.6,0.3,3.5,27.1,29.3
3,201567,4,Kevin Love,1610612750,MIN,77,36.3,8.4,18.5,0.457,2.5,6.6,0.376,6.8,8.2,0.821,2.9,9.6,12.5,4.4,0.8,0.5,2.5,26.1,30.2
4,201935,5,James Harden,1610612745,HOU,73,38.0,7.5,16.5,0.456,2.4,6.6,0.366,7.9,9.1,0.866,0.8,3.9,4.7,6.1,1.6,0.4,3.6,25.4,24.3
5,201933,6,Blake Griffin,1610612746,LAC,80,35.8,9.0,17.0,0.528,0.2,0.6,0.273,6.0,8.4,0.715,2.4,7.1,9.5,3.9,1.2,0.6,2.8,24.1,26.0
6,201939,7,Stephen Curry,1610612744,GSW,78,36.5,8.4,17.7,0.471,3.3,7.9,0.424,3.9,4.5,0.885,0.6,3.7,4.3,8.5,1.6,0.2,3.8,24.0,25.0
7,200746,8,LaMarcus Aldridge,1610612757,POR,69,36.2,9.4,20.6,0.458,0.0,0.2,0.2,4.3,5.2,0.822,2.4,8.7,11.1,2.6,0.9,1.0,1.8,23.2,24.9
8,202326,9,DeMarcus Cousins,1610612758,SAC,71,32.4,8.3,16.8,0.496,0.0,0.1,0.0,6.1,8.4,0.726,3.1,8.6,11.7,2.9,1.5,1.3,3.5,22.7,25.9
9,201942,10,DeMar DeRozan,1610612761,TOR,79,38.2,7.6,17.8,0.429,0.8,2.7,0.305,6.6,8.0,0.824,0.6,3.7,4.3,4.0,1.1,0.4,2.2,22.7,18.6
10,2744,11,Al Jefferson,1610612766,CHA,73,35.0,9.6,18.8,0.509,0.0,0.2,0.2,2.6,3.8,0.69,2.1,8.7,10.8,2.1,0.9,1.1,1.7,21.8,24.7
11,202331,12,Paul George,1610612754,IND,80,36.2,7.2,17.0,0.424,2.3,6.3,0.364,5.0,5.8,0.864,0.8,6.0,6.8,3.5,1.9,0.3,2.8,21.7,20.8
12,1717,13,Dirk Nowitzki,1610612742,DAL,80,32.9,7.9,15.9,0.497,1.6,4.1,0.398,4.2,4.7,0.899,0.5,5.7,6.2,2.7,0.9,0.6,1.5,21.7,22.2
13,202681,14,Kyrie Irving,1610612739,CLE,71,35.2,7.5,17.4,0.43,1.7,4.8,0.358,4.1,4.8,0.861,0.7,2.9,3.6,6.1,1.5,0.3,2.7,20.8,19.1
14,203076,15,Anthony Davis,1610612740,NOP,67,35.2,7.8,15.0,0.519,0.0,0.1,0.222,5.2,6.6,0.791,3.1,7.0,10.0,1.6,1.3,2.8,1.6,20.8,26.4
15,203081,16,Damian Lillard,1610612757,POR,82,35.8,6.7,15.9,0.424,2.7,6.8,0.394,4.5,5.2,0.871,0.4,3.1,3.5,5.6,0.8,0.3,2.4,20.7,18.6
16,202738,17,Isaiah Thomas,1610612758,SAC,72,34.7,6.9,15.2,0.453,1.8,5.1,0.349,4.8,5.7,0.85,0.7,2.3,2.9,6.3,1.3,0.1,3.0,20.3,18.8
17,201609,18,Goran Dragic,1610612756,PHX,76,35.1,7.3,14.4,0.505,1.6,3.9,0.408,4.2,5.5,0.76,0.9,2.3,3.2,5.9,1.4,0.3,2.8,20.3,19.8
18,200752,19,Rudy Gay,1610612758,SAC,73,34.7,7.4,16.2,0.455,0.9,2.7,0.33,4.4,5.3,0.822,1.5,4.4,6.0,2.9,1.3,0.8,3.1,20.0,18.1
19,202322,20,John Wall,1610612764,WAS,82,36.3,7.1,16.3,0.433,1.3,3.8,0.351,3.9,4.8,0.805,0.5,3.6,4.1,8.8,1.8,0.5,3.6,19.3,20.7
20,101108,21,Chris Paul,1610612746,LAC,62,35.0,6.5,14.0,0.467,1.3,3.4,0.368,4.8,5.6,0.855,0.6,3.7,4.3,10.7,2.5,0.1,2.3,19.1,26.0
21,2755,22,Kevin Martin,1610612750,MIN,68,32.0,6.5,15.0,0.43,1.7,4.4,0.387,4.5,5.0,0.891,0.5,2.5,3.0,1.8,1.0,0.1,1.6,19.1,14.2
22,101145,23,Monta Ellis,1610612742,DAL,82,36.9,7.0,15.6,0.451,0.8,2.5,0.33,4.1,5.2,0.788,0.5,3.1,3.6,5.7,1.7,0.3,3.2,19.0,17.5
23,2037,24,Jamal Crawford,1610612746,LAC,69,30.3,6.1,14.7,0.416,2.3,6.5,0.361,4.0,4.7,0.866,0.5,1.8,2.3,3.2,0.9,0.2,2.0,18.6,14.0
24,202691,25,Klay Thompson,1610612744,GSW,81,35.4,6.9,15.5,0.444,2.8,6.6,0.417,1.8,2.3,0.795,0.5,2.6,3.1,2.2,0.9,0.5,1.7,18.4,14.3
25,2730,26,Dwight Howard,1610612745,HOU,71,33.7,6.7,11.3,0.591,0.0,0.1,0.286,4.9,9.0,0.547,3.3,8.9,12.2,1.8,0.8,1.8,3.2,18.3,23.1
26,201167,27,Arron Afflalo,1610612753,ORL,73,35.0,6.4,13.8,0.459,1.8,4.1,0.427,3.8,4.6,0.815,0.4,3.2,3.6,3.4,0.5,0.0,2.0,18.2,15.4
27,101135,28,David Lee,1610612744,GSW,69,33.2,7.4,14.2,0.523,0.0,0.0,0.0,3.3,4.3,0.78,2.6,6.7,9.3,2.1,0.7,0.4,2.2,18.2,20.8
28,200794,29,Paul Millsap,1610612737,ATL,74,33.5,6.5,14.1,0.461,1.0,2.9,0.358,3.9,5.3,0.731,2.1,6.4,8.5,3.1,1.7,1.1,2.5,17.9,20.8
29,200768,30,Kyle Lowry,1610612761,TOR,79,36.2,5.8,13.7,0.423,2.4,6.3,0.38,4.0,4.9,0.813,1.1,3.6,4.7,7.4,1.5,0.2,2.5,17.9,20.5
30,201152,30,Thaddeus Young,1610612755,PHI,79,34.4,7.4,16.2,0.454,1.1,3.7,0.308,2.1,2.9,0.712,2.1,3.9,6.0,2.3,2.1,0.5,2.1,17.9,17.0
31,202688,32,Brandon Knight,1610612749,MIL,72,33.3,6.4,15.2,0.422,1.5,4.7,0.325,3.6,4.5,0.802,0.6,2.9,3.5,4.9,1.0,0.2,2.6,17.9,15.3
32,201156,33,Nick Young,1610612747,LAL,64,28.3,6.0,13.9,0.435,2.1,5.5,0.386,3.7,4.5,0.825,0.5,2.1,2.6,1.5,0.7,0.2,1.5,17.9,12.8
33,202689,34,Kemba Walker,1610612766,CHA,73,35.8,6.2,15.7,0.393,1.5,4.5,0.333,3.9,4.6,0.837,0.5,3.7,4.2,6.1,1.2,0.4,2.3,17.7,17.0
34,201951,35,Ty Lawson,1610612743,DEN,62,35.8,5.6,13.0,0.431,1.2,3.3,0.356,5.2,6.5,0.798,0.6,2.8,3.5,8.8,1.6,0.2,3.2,17.6,19.6
35,2216,36,Zach Randolph,1610612763,MEM,79,34.2,7.1,15.2,0.467,0.0,0.3,0.1,3.2,4.3,0.742,3.4,6.7,10.1,2.5,0.7,0.3,2.3,17.4,19.4
36,2200,37,Pau Gasol,1610612747,LAL,60,31.4,7.1,14.8,0.48,0.1,0.2,0.286,3.1,4.2,0.736,2.1,7.6,9.7,3.4,0.5,1.5,2.4,17.4,21.2
37,201144,38,Mike Conley,1610612763,MEM,73,33.5,6.3,14.1,0.45,1.4,4.0,0.361,3.1,3.8,0.815,0.6,2.4,2.9,6.0,1.5,0.2,2.1,17.2,17.3
38,203078,39,Bradley Beal,1610612764,WAS,73,34.7,6.6,15.7,0.419,1.9,4.7,0.402,2.0,2.6,0.788,0.7,3.0,3.7,3.3,1.0,0.2,1.8,17.1,13.9
39,201145,40,Jeff Green,1610612738,BOS,82,34.2,5.9,14.3,0.412,1.6,4.8,0.341,3.5,4.3,0.795,0.7,4.0,4.6,1.7,0.7,0.6,2.0,16.9,13.1
40,2225,41,Tony Parker,1610612759,SAS,68,29.4,6.7,13.4,0.499,0.4,1.0,0.373,2.9,3.6,0.811,0.3,2.0,2.3,5.7,0.5,0.1,2.2,16.7,15.7
41,203487,42,Michael Carter-Williams,1610612755,PHI,70,34.5,6.1,15.1,0.405,0.8,3.0,0.264,3.7,5.2,0.703,1.4,4.8,6.2,6.3,1.9,0.6,3.5,16.7,17.6
42,202718,43,Chandler Parsons,1610612745,HOU,74,37.6,6.3,13.3,0.472,1.8,4.7,0.37,2.2,3.0,0.742,0.9,4.6,5.5,4.0,1.2,0.4,1.9,16.6,17.9
43,201952,44,Jeff Teague,1610612737,ATL,79,32.2,5.8,13.2,0.438,0.9,2.8,0.329,4.0,4.8,0.846,0.4,2.2,2.6,6.7,1.1,0.2,2.9,16.5,16.1
44,2746,45,Josh Smith,1610612765,DET,77,35.5,6.7,16.0,0.419,0.9,3.4,0.264,2.1,3.9,0.532,1.3,5.4,6.8,3.3,1.4,1.4,2.6,16.4,15.5
45,202083,46,Wesley Matthews,1610612757,POR,82,33.9,5.4,12.3,0.441,2.5,6.2,0.393,3.1,3.7,0.837,0.6,2.9,3.5,2.4,0.9,0.2,1.3,16.4,14.6
46,2547,47,Chris Bosh,1610612748,MIA,79,32.0,6.2,12.1,0.516,0.9,2.8,0.339,2.8,3.4,0.82,1.2,5.4,6.6,1.1,1.0,1.0,1.6,16.2,17.9
47,202330,48,Gordon Hayward,1610612762,UTA,77,36.4,5.5,13.4,0.413,1.1,3.6,0.304,4.0,4.9,0.816,0.8,4.3,5.1,5.2,1.4,0.5,2.8,16.2,16.9
48,2736,49,Luol Deng,1610612739,CLE,63,35.1,5.9,13.7,0.431,0.9,3.0,0.302,3.4,4.3,0.791,1.6,4.2,5.7,2.9,1.0,0.1,1.8,16.0,15.3
49,203079,50,Dion Waiters,1610612739,CLE,70,29.6,6.1,14.2,0.433,1.3,3.6,0.368,2.3,3.4,0.685,0.5,2.3,2.8,3.0,0.9,0.2,2.2,15.9,11.5
50,101123,51,Gerald Green,1610612756,PHX,82,28.4,5.5,12.3,0.445,2.5,6.2,0.4,2.4,2.8,0.848,0.6,2.8,3.4,1.5,0.9,0.5,1.8,15.8,13.0
51,2207,52,Joe Johnson,1610612751,BKN,79,32.6,5.8,12.9,0.454,2.1,5.1,0.401,2.0,2.5,0.815,0.6,2.8,3.4,2.7,0.6,0.1,1.5,15.8,13.6
52,201975,53,Jodie Meeks,1610612747,LAL,77,33.2,5.4,11.6,0.463,2.1,5.2,0.401,2.9,3.4,0.857,0.4,2.1,2.5,1.8,1.4,0.1,1.4,15.7,13.4
53,201943,54,Brandon Jennings,1610612765,DET,80,34.1,5.3,14.2,0.373,1.9,5.7,0.337,3.0,4.0,0.751,0.7,2.3,3.1,7.6,1.3,0.1,2.7,15.5,15.0
54,201569,55,Eric Gordon,1610612740,NOP,64,32.1,5.6,12.8,0.436,1.6,4.0,0.391,2.7,3.5,0.785,0.5,2.1,2.6,3.3,1.2,0.2,2.1,15.4,12.6
55,202328,56,Greg Monroe,1610612765,DET,82,32.8,6.1,12.4,0.497,0.0,0.0,0.0,2.9,4.5,0.657,3.1,6.1,9.3,2.1,1.1,0.6,2.0,15.2,18.5
56,201586,57,Serge Ibaka,1610612760,OKC,81,32.9,6.5,12.1,0.536,0.3,0.7,0.383,1.9,2.5,0.784,2.8,6.0,8.8,1.0,0.5,2.7,1.5,15.1,20.5
57,1495,58,Tim Duncan,1610612759,SAS,74,29.2,6.0,12.2,0.49,0.0,0.1,0.0,3.1,4.3,0.731,2.1,7.6,9.7,3.0,0.6,1.9,2.1,15.1,20.8
58,202340,59,Avery Bradley,1610612738,BOS,60,30.9,6.0,13.8,0.438,1.3,3.3,0.395,1.5,1.9,0.804,0.8,3.0,3.8,1.4,1.1,0.2,1.6,14.9,11.6
59,202699,60,Tobias Harris,1610612753,ORL,61,30.3,5.4,11.7,0.464,0.5,2.1,0.254,3.2,4.0,0.807,1.4,5.5,7.0,1.3,0.7,0.4,1.3,14.6,15.7
60,201188,61,Marc Gasol,1610612763,MEM,59,33.4,5.7,12.1,0.473,0.0,0.2,0.182,3.1,4.1,0.768,1.4,5.8,7.2,3.6,1.0,1.3,1.9,14.6,18.5
61,2747,62,JR Smith,1610612752,NYK,74,32.7,5.4,12.9,0.415,2.6,6.5,0.394,1.2,1.9,0.652,0.5,3.5,4.0,3.0,0.9,0.3,1.5,14.5,12.9
62,201936,63,Tyreke Evans,1610612740,NOP,72,28.2,5.4,12.5,0.436,0.3,1.3,0.221,3.3,4.3,0.771,1.1,3.7,4.7,5.0,1.2,0.3,2.4,14.5,15.3
63,2772,64,Trevor Ariza,1610612764,WAS,77,35.4,5.1,11.1,0.456,2.3,5.7,0.407,1.9,2.5,0.772,1.3,4.9,6.2,2.5,1.6,0.3,1.7,14.4,16.6
64,101114,65,Deron Williams,1610612751,BKN,64,32.2,5.0,11.2,0.45,1.5,4.2,0.366,2.7,3.4,0.801,0.2,2.4,2.6,6.1,1.5,0.2,2.2,14.3,15.6
65,201945,66,Gerald Henderson,1610612766,CHA,77,32.0,5.2,12.1,0.433,0.5,1.5,0.348,3.1,4.0,0.761,0.4,3.6,4.0,2.6,0.7,0.4,1.5,14.0,12.5
66,2561,67,David West,1610612754,IND,80,30.9,5.7,11.7,0.488,0.1,0.2,0.267,2.5,3.1,0.789,1.5,5.3,6.8,2.8,0.8,0.9,1.7,14.0,16.9
67,202323,68,Evan Turner,1610612754,IND,81,30.3,5.4,12.6,0.425,0.6,1.9,0.321,2.6,3.2,0.813,0.8,4.3,5.0,3.2,0.8,0.1,2.3,14.0,13.0
68,202692,69,Alec Burks,1610612762,UTA,78,28.1,4.9,10.7,0.457,0.6,1.8,0.35,3.6,4.8,0.748,0.8,2.5,3.3,2.7,0.9,0.2,1.9,14.0,12.1
69,201155,70,Rodney Stuckey,1610612765,DET,73,26.7,5.1,11.7,0.436,0.3,1.2,0.273,3.3,4.0,0.836,0.5,1.8,2.3,2.1,0.7,0.1,1.7,13.9,10.2
70,202362,71,Lance Stephenson,1610612754,IND,78,35.3,5.5,11.2,0.491,1.1,3.1,0.352,1.8,2.5,0.711,1.2,5.9,7.2,4.6,0.7,0.1,2.7,13.8,17.3
71,203506,72,Victor Oladipo,1610612753,ORL,80,31.1,4.9,11.7,0.419,0.9,2.8,0.327,3.1,4.0,0.78,0.5,3.6,4.1,4.1,1.6,0.5,3.2,13.8,13.2
72,202693,73,Markieff Morris,1610612756,PHX,81,26.6,5.1,10.4,0.486,0.4,1.3,0.315,3.2,4.0,0.792,1.7,4.3,6.0,1.8,0.8,0.6,1.8,13.8,15.0
73,2430,74,Carlos Boozer,1610612741,CHI,76,28.2,5.9,12.9,0.456,0.0,0.0,0.0,1.9,2.5,0.767,1.8,6.5,8.3,1.6,0.7,0.3,2.0,13.7,14.9
74,202702,75,Kenneth Faried,1610612743,DEN,80,27.2,5.6,10.3,0.545,0.0,0.0,0.0,2.5,3.9,0.65,3.0,5.6,8.6,1.2,0.9,0.9,1.7,13.7,17.5
75,201163,76,Wilson Chandler,1610612743,DEN,62,31.1,5.0,11.9,0.416,2.0,5.7,0.348,1.8,2.5,0.724,0.9,3.8,4.7,1.8,0.7,0.5,1.3,13.6,12.6
76,203083,77,Andre Drummond,1610612765,DET,81,32.3,5.9,9.5,0.623,0.0,0.0,0.0,1.7,4.0,0.418,5.4,7.8,13.2,0.4,1.2,1.6,1.4,13.5,22.7
77,1718,78,Paul Pierce,1610612751,BKN,75,28.0,4.3,9.5,0.451,1.5,4.0,0.373,3.4,4.1,0.826,0.3,4.3,4.6,2.4,1.1,0.4,2.0,13.5,14.1
78,202324,79,Derrick Favors,1610612762,UTA,73,30.2,5.3,10.2,0.522,0.0,0.0,0.0,2.6,3.9,0.669,2.7,6.0,8.7,1.2,1.0,1.5,1.8,13.3,17.8
79,203096,80,Jared Sullinger,1610612738,BOS,74,27.6,5.2,12.1,0.427,0.8,2.8,0.269,2.1,2.7,0.778,3.3,4.9,8.1,1.6,0.5,0.7,1.6,13.3,14.9
80,101162,81,Marcin Gortat,1610612764,WAS,81,32.8,5.6,10.4,0.542,0.0,0.0,1.0,1.9,2.8,0.686,2.5,7.0,9.5,1.7,0.5,1.5,1.6,13.2,19.2
81,200751,81,Randy Foye,1610612743,DEN,81,30.7,4.5,10.8,0.413,2.3,6.1,0.38,1.9,2.3,0.849,0.4,2.4,2.9,3.5,0.8,0.5,1.8,13.2,12.4
82,201150,83,Spencer Hawes,1610612739,CLE,80,30.9,5.0,11.0,0.456,1.6,3.9,0.416,1.5,1.9,0.783,1.6,6.6,8.3,3.0,0.6,1.2,2.2,13.2,17.6
83,202710,84,Jimmy Butler,1610612741,CHI,67,38.7,4.1,10.3,0.397,1.0,3.6,0.283,3.9,5.0,0.769,1.3,3.6,4.9,2.6,1.9,0.5,1.5,13.1,14.1
84,201571,85,D.J. Augustin,1610612741,CHI,71,27.3,4.2,10.1,0.415,1.9,4.7,0.401,2.8,3.2,0.885,0.2,1.6,1.8,4.4,0.7,0.0,1.8,13.1,12.1
85,202704,86,Reggie Jackson,1610612760,OKC,80,28.5,5.0,11.5,0.44,1.0,3.1,0.339,2.0,2.2,0.893,0.5,3.4,3.9,4.1,1.1,0.1,2.1,13.1,13.6
86,201587,87,Nicolas Batum,1610612757,POR,82,36.0,4.6,10.0,0.465,1.8,4.9,0.361,2.0,2.5,0.803,1.4,6.0,7.5,5.1,0.9,0.7,2.5,13.0,18.9
87,203100,88,Tony Wroten,1610612755,PHI,72,24.5,4.8,11.2,0.427,0.6,2.6,0.213,2.9,4.5,0.641,1.0,2.2,3.2,3.0,1.1,0.2,2.8,13.0,9.6
88,201959,89,Taj Gibson,1610612741,CHI,82,28.7,5.2,10.9,0.479,0.0,0.1,0.0,2.6,3.4,0.751,2.4,4.4,6.8,1.1,0.5,1.4,1.8,13.0,14.4
89,202695,90,Kawhi Leonard,1610612759,SAS,66,29.1,5.1,9.8,0.522,1.0,2.8,0.379,1.5,1.9,0.802,1.2,5.1,6.2,2.0,1.7,0.8,1.2,12.8,17.3
90,203504,91,Trey Burke,1610612762,UTA,70,32.3,4.9,12.8,0.38,1.6,4.8,0.33,1.5,1.6,0.903,0.5,2.4,3.0,5.7,0.6,0.1,1.9,12.8,12.1
91,201149,92,Joakim Noah,1610612741,CHI,80,35.3,4.8,10.0,0.475,0.0,0.0,0.0,3.1,4.2,0.737,3.5,7.7,11.3,5.4,1.2,1.5,2.4,12.6,23.2
92,202391,93,Jeremy Lin,1610612745,HOU,71,28.9,4.2,9.3,0.446,1.2,3.2,0.358,3.1,3.7,0.823,0.5,2.2,2.6,4.1,1.0,0.4,2.5,12.5,12.3
93,202683,94,Enes Freedom,1610612762,UTA,80,26.7,5.2,10.7,0.491,0.0,0.0,0.0,1.9,2.6,0.73,2.8,4.7,7.5,0.9,0.4,0.5,1.8,12.3,13.7
94,1938,95,Manu Ginobili,1610612759,SAS,68,22.8,4.3,9.2,0.469,1.3,3.8,0.349,2.4,2.8,0.851,0.4,2.5,3.0,4.3,1.0,0.3,2.0,12.3,13.5
95,201147,96,Corey Brewer,1610612750,MIN,81,32.2,4.8,10.0,0.481,0.7,2.6,0.28,2.0,2.8,0.718,0.8,1.8,2.6,1.7,1.9,0.4,1.3,12.3,11.5
96,201196,97,Ramon Sessions,1610612749,MIL,83,26.7,4.0,9.3,0.429,0.4,1.5,0.282,3.9,4.9,0.807,0.5,2.0,2.4,4.1,0.6,0.1,1.8,12.3,11.5
97,203093,98,Terrence Jones,1610612745,HOU,76,27.3,5.1,9.4,0.542,0.4,1.3,0.307,1.6,2.6,0.605,2.1,4.8,6.9,1.1,0.7,1.3,0.9,12.1,16.0
98,203114,99,Khris Middleton,1610612749,MIL,82,30.0,4.6,10.4,0.44,1.5,3.5,0.414,1.4,1.7,0.861,0.7,3.0,3.8,2.1,1.0,0.2,1.5,12.1,11.6
99,2749,100,Jameer Nelson,1610612753,ORL,68,32.0,4.3,11.0,0.394,2.0,5.8,0.348,1.4,1.6,0.857,0.4,3.0,3.4,7.0,0.8,0.1,2.4,12.1,14.0
100,2594,101,Kyle Korver,1610612737,ATL,71,33.9,4.1,8.6,0.475,2.6,5.5,0.472,1.2,1.3,0.926,0.3,3.7,4.0,2.9,1.0,0.3,1.4,12.0,14.2
101,1713,102,Vince Carter,1610612742,DAL,81,24.4,4.1,10.0,0.407,1.8,4.6,0.394,2.0,2.4,0.821,0.8,2.7,3.5,2.6,0.8,0.4,1.3,11.9,11.5
102,2405,103,Amar'e Stoudemire,1610612752,NYK,65,22.6,4.8,8.6,0.557,0.0,0.0,0.0,2.3,3.1,0.739,1.7,3.2,4.9,0.5,0.4,0.6,1.4,11.9,12.2
103,201581,104,JJ Hickson,1610612743,DEN,69,26.9,4.8,9.5,0.508,0.0,0.1,0.0,2.2,4.2,0.517,3.0,6.2,9.2,1.4,0.7,0.7,1.9,11.8,15.2
104,202684,105,Tristan Thompson,1610612739,CLE,82,31.6,4.4,9.3,0.477,0.0,0.0,0.0,2.9,4.1,0.693,3.3,5.9,9.2,0.9,0.5,0.4,1.3,11.7,15.3
105,101181,106,Jose Calderon,1610612742,DAL,81,30.5,4.2,9.2,0.456,2.4,5.2,0.449,0.6,0.8,0.825,0.4,2.0,2.4,4.7,0.9,0.1,1.3,11.4,13.0
106,201954,107,Darren Collison,1610612746,LAC,80,25.9,4.1,8.7,0.467,0.9,2.4,0.376,2.4,2.8,0.857,0.6,1.8,2.4,3.7,1.2,0.2,1.7,11.4,12.1
107,201158,107,Marco Belinelli,1610612759,SAS,80,25.2,4.2,8.7,0.485,1.6,3.7,0.43,1.4,1.6,0.847,0.2,2.6,2.8,2.2,0.6,0.1,1.2,11.4,11.3
108,2399,109,Mike Dunleavy,1610612741,CHI,82,31.5,4.1,9.4,0.43,1.5,4.0,0.38,1.7,2.0,0.854,0.6,3.6,4.2,2.3,0.8,0.6,1.3,11.3,12.2
109,202685,110,Jonas Valanciunas,1610612761,TOR,81,28.2,4.4,8.3,0.531,0.0,0.0,0.0,2.4,3.2,0.762,2.8,6.0,8.8,0.7,0.3,0.9,1.7,11.3,15.6
110,101154,111,Andray Blatche,1610612751,BKN,73,22.2,4.4,9.2,0.476,0.2,0.7,0.278,2.2,3.0,0.742,1.6,3.7,5.3,1.5,1.0,0.5,1.5,11.2,12.5
111,203089,112,John Henson,1610612749,MIL,70,26.5,4.9,9.1,0.538,0.0,0.0,0.0,1.3,2.5,0.514,2.4,4.7,7.1,1.6,0.6,1.7,1.6,11.1,15.0
112,101138,113,Brandon Bass,1610612738,BOS,82,27.6,4.3,8.8,0.486,0.0,0.1,0.333,2.5,2.9,0.858,2.0,3.8,5.7,1.1,0.4,0.9,1.2,11.1,13.0
113,101112,114,Channing Frye,1610612756,PHX,82,28.2,4.1,9.5,0.432,2.0,5.3,0.37,1.0,1.2,0.821,0.9,4.2,5.1,1.2,0.7,0.8,1.1,11.1,12.2
114,201960,115,DeMarre Carroll,1610612737,ATL,73,32.1,4.1,8.8,0.47,1.3,3.7,0.362,1.5,1.9,0.773,1.5,4.1,5.5,1.8,1.5,0.3,1.1,11.1,14.0
115,201577,116,Robin Lopez,1610612757,POR,82,31.8,4.3,7.9,0.551,0.0,0.0,0.0,2.4,3.0,0.818,4.0,4.6,8.5,0.9,0.3,1.7,1.0,11.1,17.4
116,202348,117,Jordan Crawford,1610612744,GSW,81,23.0,4.0,9.7,0.415,1.1,3.5,0.316,1.8,2.1,0.864,0.3,1.9,2.3,3.5,0.6,0.1,1.7,11.0,9.7
117,203082,118,Terrence Ross,1610612761,TOR,81,26.7,3.9,9.3,0.423,2.0,5.0,0.395,1.0,1.2,0.837,0.5,2.6,3.1,1.0,0.8,0.3,1.1,10.9,9.4
118,201579,119,Roy Hibbert,1610612754,IND,81,29.7,4.1,9.3,0.439,0.0,0.1,0.4,2.6,3.3,0.77,2.5,4.1,6.6,1.1,0.4,2.2,1.8,10.8,13.3
119,201599,120,DeAndre Jordan,1610612746,LAC,82,35.0,4.2,6.3,0.676,0.0,0.0,0.0,2.0,4.6,0.428,4.0,9.5,13.6,0.9,1.0,2.5,1.5,10.4,22.2
120,101150,121,Lou Williams,1610612737,ATL,60,24.1,3.3,8.2,0.4,1.3,3.9,0.342,2.5,3.0,0.849,0.2,1.9,2.1,3.5,0.8,0.1,1.5,10.4,9.9
121,1890,122,Shawn Marion,1610612742,DAL,76,31.7,4.5,9.3,0.482,0.8,2.1,0.358,0.7,0.9,0.785,1.7,4.8,6.5,1.6,1.2,0.5,1.3,10.4,14.0
122,101161,123,Amir Johnson,1610612761,TOR,77,28.8,4.5,7.9,0.562,0.3,0.9,0.303,1.2,1.9,0.636,2.2,4.3,6.6,1.5,0.7,1.1,1.6,10.4,14.5
123,201588,124,George Hill,1610612754,IND,76,32.0,3.6,8.1,0.442,1.3,3.4,0.365,1.9,2.3,0.807,0.7,3.0,3.7,3.5,1.0,0.3,1.2,10.3,12.6
124,201988,125,Patty Mills,1610612759,SAS,81,18.9,3.8,8.2,0.464,1.7,3.9,0.425,0.9,1.0,0.89,0.4,1.7,2.1,1.8,0.8,0.1,0.8,10.2,9.8
125,203501,126,Tim Hardaway Jr.,1610612752,NYK,81,23.1,3.6,8.5,0.428,1.6,4.4,0.363,1.3,1.6,0.828,0.2,1.3,1.5,0.8,0.5,0.1,0.6,10.2,7.4
126,2210,127,Richard Jefferson,1610612762,UTA,82,27.0,3.6,8.0,0.45,1.5,3.7,0.409,1.5,2.0,0.741,0.2,2.5,2.7,1.6,0.7,0.2,1.1,10.1,9.2
127,202341,128,James Anderson,1610612755,PHI,80,28.9,3.9,9.0,0.431,1.4,4.4,0.328,1.0,1.3,0.726,0.7,3.0,3.8,1.9,0.9,0.4,1.3,10.1,10.2
128,2440,129,Matt Barnes,1610612746,LAC,63,27.5,3.7,8.4,0.438,1.5,4.5,0.343,1.0,1.4,0.733,1.0,3.7,4.6,2.0,0.9,0.4,1.3,9.9,11.4
129,201596,130,Mario Chalmers,1610612748,MIA,73,29.8,3.5,7.7,0.454,1.2,3.1,0.385,1.7,2.2,0.742,0.6,2.4,2.9,4.9,1.6,0.2,2.2,9.8,12.5
130,201977,131,Marcus Thornton,1610612751,BKN,72,24.2,3.5,8.9,0.394,1.5,4.4,0.345,1.3,1.6,0.804,0.8,2.0,2.8,1.1,0.8,0.2,0.9,9.8,7.9
131,2590,132,Mo Williams,1610612757,POR,74,24.8,3.8,9.1,0.417,1.1,3.0,0.369,1.1,1.2,0.876,0.6,1.5,2.1,4.3,0.7,0.1,2.0,9.7,9.6
132,101110,133,Martell Webster,1610612764,WAS,78,27.7,3.3,7.5,0.433,1.9,4.8,0.392,1.3,1.6,0.84,0.5,2.4,2.8,1.2,0.5,0.2,0.7,9.7,9.3
133,202694,134,Marcus Morris Sr.,1610612756,PHX,82,22.0,3.5,7.9,0.442,1.2,3.2,0.381,1.5,1.9,0.761,1.0,2.9,3.9,1.1,0.9,0.2,1.2,9.7,9.7
134,101109,135,Raymond Felton,1610612752,NYK,65,31.0,3.7,9.4,0.395,1.0,3.0,0.318,1.4,1.9,0.721,0.8,2.2,3.0,5.6,1.2,0.4,2.0,9.7,11.8
135,201941,136,Jordan Hill,1610612747,LAL,72,20.8,4.0,7.2,0.549,0.0,0.0,0.0,1.7,2.5,0.685,2.7,4.7,7.4,0.8,0.4,0.9,1.0,9.7,14.0
136,201584,137,Courtney Lee,1610612763,MEM,79,25.0,3.7,7.8,0.48,0.9,2.5,0.371,1.3,1.4,0.884,0.4,2.0,2.4,1.5,0.8,0.4,0.9,9.6,9.5
137,951,138,Ray Allen,1610612748,MIA,73,26.5,3.3,7.4,0.442,1.6,4.2,0.375,1.4,1.6,0.905,0.3,2.5,2.8,2.0,0.7,0.1,1.2,9.6,9.8
138,202349,139,Greivis Vasquez,1610612761,TOR,79,22.5,3.5,8.3,0.421,1.4,3.7,0.377,1.2,1.4,0.88,0.3,1.9,2.2,4.1,0.4,0.1,1.6,9.6,9.7
139,203118,140,Mike Scott,1610612737,ATL,80,18.5,3.8,7.9,0.479,0.8,2.5,0.31,1.3,1.7,0.78,0.8,2.8,3.6,0.9,0.4,0.1,1.0,9.6,9.1
140,202713,141,Kyle Singler,1610612765,DET,82,28.5,3.3,7.3,0.447,1.1,3.0,0.382,1.9,2.2,0.826,1.4,2.3,3.7,0.9,0.7,0.5,1.0,9.6,10.0
141,201937,142,Ricky Rubio,1610612750,MIN,82,32.2,3.1,8.2,0.381,0.5,1.6,0.331,2.8,3.5,0.802,0.7,3.4,4.2,8.6,2.3,0.1,2.7,9.5,16.3
142,101127,143,Jarrett Jack,1610612739,CLE,80,28.2,3.6,8.7,0.41,0.8,2.3,0.341,1.6,1.9,0.839,0.3,2.5,2.8,4.1,0.7,0.3,1.7,9.5,10.2
143,203084,144,Harrison Barnes,1610612744,GSW,78,28.3,3.5,8.7,0.399,0.8,2.4,0.347,1.7,2.3,0.718,0.8,3.1,4.0,1.5,0.8,0.3,1.1,9.5,9.1
144,201175,145,Glen Davis,1610612746,LAC,68,24.4,4.0,8.7,0.457,0.1,0.2,0.364,1.4,2.0,0.693,1.6,3.6,5.2,1.1,0.9,0.4,1.1,9.4,10.5
145,203148,146,Brian Roberts,1610612740,NOP,72,23.2,3.4,8.1,0.42,0.9,2.5,0.36,1.7,1.8,0.94,0.2,1.7,1.9,3.3,0.6,0.1,1.3,9.4,9.1
146,202389,147,Timofey Mozgov,1610612743,DEN,82,21.6,3.5,6.6,0.523,0.0,0.3,0.167,2.4,3.2,0.754,2.1,4.4,6.4,0.8,0.3,1.2,1.5,9.4,12.7
147,200782,148,P.J. Tucker,1610612756,PHX,81,30.7,3.3,7.6,0.431,0.9,2.4,0.387,1.9,2.5,0.776,2.0,4.5,6.5,1.7,1.4,0.3,1.3,9.4,13.2
148,2738,149,Andre Iguodala,1610612744,GSW,63,32.4,3.5,7.3,0.48,1.0,2.8,0.354,1.4,2.1,0.652,0.8,3.8,4.7,4.2,1.5,0.3,1.6,9.3,13.9
149,201573,150,Jerryd Bayless,1610612738,BOS,72,23.4,3.4,8.6,0.402,1.1,2.9,0.358,1.3,1.6,0.797,0.3,1.7,2.0,2.7,0.8,0.1,1.1,9.3,8.3
150,101107,151,Marvin Williams,1610612762,UTA,66,25.4,3.5,8.0,0.439,1.3,3.5,0.359,0.9,1.1,0.781,1.2,3.8,5.1,1.2,0.8,0.5,0.8,9.1,11.2
151,2550,152,Kirk Hinrich,1610612741,CHI,73,29.0,3.3,8.5,0.393,1.2,3.3,0.351,1.3,1.7,0.76,0.4,2.2,2.6,3.9,1.1,0.4,1.6,9.1,9.9
152,201980,153,Danny Green,1610612759,SAS,68,24.3,3.2,7.4,0.432,1.9,4.7,0.415,0.7,0.9,0.794,0.4,3.0,3.4,1.5,1.0,0.9,1.1,9.1,10.3
153,2564,154,Boris Diaw,1610612759,SAS,79,25.0,3.8,7.3,0.521,0.6,1.4,0.402,0.9,1.2,0.739,0.9,3.2,4.1,2.8,0.6,0.4,1.5,9.1,11.6
154,201148,155,Brandan Wright,1610612742,DAL,58,18.6,3.9,5.7,0.677,0.0,0.0,0.0,1.3,1.8,0.726,1.8,2.4,4.2,0.5,0.6,0.9,0.6,9.1,12.3
155,202325,156,Wesley Johnson,1610612747,LAL,79,28.4,3.5,8.2,0.425,1.3,3.4,0.369,0.8,1.0,0.792,0.9,3.5,4.4,1.6,1.1,1.0,1.1,9.1,11.0
156,201166,157,Aaron Brooks,1610612743,DEN,72,21.6,3.2,8.1,0.401,1.3,3.4,0.387,1.2,1.3,0.874,0.6,1.3,1.9,3.2,0.7,0.2,1.6,9.0,8.4
157,203463,158,Ben McLemore,1610612758,SAC,82,26.7,3.1,8.3,0.376,1.2,3.6,0.32,1.4,1.7,0.804,0.6,2.2,2.9,1.0,0.5,0.2,1.2,8.8,6.7
158,203482,159,Kelly Olynyk,1610612738,BOS,70,20.0,3.3,7.2,0.466,0.6,1.6,0.351,1.4,1.7,0.811,2.0,3.2,5.2,1.6,0.5,0.4,1.5,8.7,10.7
159,203141,160,Mirza Teletovic,1610612751,BKN,72,19.4,3.1,7.3,0.418,1.9,4.8,0.39,0.6,0.9,0.71,0.8,2.9,3.7,0.8,0.4,0.3,0.8,8.6,8.6
160,202335,161,Patrick Patterson,1610612761,TOR,65,23.6,3.5,7.5,0.46,0.8,2.3,0.364,0.8,1.1,0.704,1.8,3.5,5.3,1.2,0.8,0.6,1.0,8.5,11.0
161,203087,162,Jeremy Lamb,1610612760,OKC,78,19.7,3.4,7.8,0.432,1.1,3.2,0.356,0.7,0.8,0.797,0.3,2.1,2.4,1.5,0.7,0.3,0.8,8.5,8.1
162,201177,163,Josh McRoberts,1610612766,CHA,78,30.3,3.2,7.3,0.436,1.3,3.7,0.361,0.8,1.1,0.729,1.1,3.7,4.8,4.3,0.7,0.6,1.1,8.5,13.4
163,2760,164,Anderson Varejao,1610612739,CLE,65,27.7,3.5,7.1,0.495,0.0,0.1,0.0,1.4,2.1,0.681,2.9,6.8,9.7,2.2,1.1,0.6,1.1,8.4,16.6
164,203095,165,Evan Fournier,1610612743,DEN,76,19.8,3.0,7.2,0.419,1.2,3.1,0.376,1.2,1.6,0.756,0.4,2.2,2.7,1.5,0.4,0.1,1.3,8.4,7.2
165,2743,166,Kris Humphries,1610612738,BOS,69,19.9,3.3,6.7,0.501,0.0,0.0,0.0,1.7,2.1,0.813,1.8,4.1,5.9,1.0,0.4,0.9,0.9,8.4,12.0
166,201627,167,Anthony Morrow,1610612740,NOP,76,18.8,3.1,6.8,0.458,1.2,2.6,0.451,0.9,1.1,0.828,0.4,1.5,1.8,0.8,0.5,0.2,0.7,8.4,7.1
167,200826,168,J.J. Barea,1610612750,MIN,79,18.6,3.2,8.3,0.387,0.9,2.9,0.316,1.0,1.3,0.79,0.2,1.7,1.9,3.8,0.3,0.0,1.6,8.4,7.5
168,2733,169,Shaun Livingston,1610612751,BKN,76,26.0,3.1,6.4,0.483,0.0,0.1,0.167,2.1,2.5,0.827,0.9,2.4,3.2,3.2,1.2,0.4,1.4,8.3,11.2
169,201168,170,Tiago Splitter,1610612759,SAS,59,21.5,3.1,5.9,0.523,0.0,0.1,0.0,2.1,2.9,0.699,2.1,4.1,6.2,1.5,0.5,0.5,1.3,8.2,11.9
170,203101,171,Miles Plumlee,1610612756,PHX,80,24.6,3.6,6.9,0.517,0.0,0.0,0.0,0.9,1.7,0.561,2.5,5.4,7.8,0.5,0.6,1.1,1.4,8.1,12.7
171,202682,172,Derrick Williams,1610612758,SAC,78,23.3,2.6,6.2,0.427,0.3,1.3,0.263,2.4,3.3,0.718,0.9,3.2,4.1,0.7,0.6,0.3,1.0,8.0,8.3
172,203527,172,Ryan Kelly,1610612747,LAL,59,22.2,2.7,6.3,0.423,0.8,2.4,0.338,1.9,2.3,0.815,0.7,3.0,3.7,1.6,0.5,0.8,0.8,8.0,9.8
173,203085,174,Austin Rivers,1610612740,NOP,69,19.4,2.8,6.9,0.405,0.5,1.4,0.364,1.6,2.5,0.636,0.4,1.5,1.9,2.3,0.7,0.1,1.1,7.7,6.5
174,2449,175,Luis Scola,1610612754,IND,82,17.1,3.2,6.8,0.47,0.0,0.1,0.143,1.2,1.7,0.728,1.0,3.7,4.8,1.0,0.3,0.2,1.3,7.6,8.5
175,202714,176,Shelvin Mack,1610612737,ATL,73,20.4,2.9,6.9,0.417,0.8,2.5,0.337,0.9,1.0,0.865,0.3,1.9,2.2,3.7,0.7,0.0,1.2,7.5,8.7
176,203486,177,Mason Plumlee,1610612751,BKN,70,18.2,2.8,4.3,0.659,0.0,0.0,0.0,1.7,2.8,0.626,1.4,3.0,4.4,0.9,0.7,0.8,1.1,7.4,10.6
177,203090,178,Maurice Harkless,1610612753,ORL,80,24.4,2.8,6.0,0.464,0.7,1.9,0.383,1.1,1.8,0.594,0.9,2.4,3.3,1.0,1.2,0.6,1.1,7.4,8.5
178,101106,179,Andrew Bogut,1610612744,GSW,67,26.4,3.5,5.6,0.627,0.0,0.0,0.0,0.3,1.0,0.344,2.7,7.3,10.0,1.7,0.7,1.8,1.4,7.3,17.4
179,101187,180,Alan Anderson,1610612751,BKN,78,22.7,2.5,6.2,0.4,1.1,3.2,0.339,1.2,1.5,0.78,0.5,1.7,2.2,1.0,0.6,0.1,0.8,7.2,6.4
180,203077,181,Michael Kidd-Gilchrist,1610612766,CHA,62,24.2,2.7,5.7,0.473,0.0,0.1,0.111,1.8,3.0,0.614,1.8,3.5,5.2,0.8,0.7,0.6,1.0,7.2,9.5
181,203489,182,Nate Wolters,1610612749,MIL,58,22.6,2.9,6.7,0.437,0.3,1.1,0.29,1.0,1.6,0.656,0.6,2.0,2.6,3.2,0.6,0.3,1.0,7.2,8.6
182,202329,183,Al-Farouq Aminu,1610612740,NOP,80,25.6,2.9,6.2,0.474,0.2,0.6,0.271,1.1,1.7,0.664,1.6,4.6,6.2,1.4,1.0,0.5,1.1,7.2,11.4
183,201574,184,Jason Thompson,1610612758,SAC,82,24.5,3.1,6.0,0.506,0.0,0.0,0.0,1.0,1.8,0.579,1.9,4.6,6.4,0.6,0.4,0.7,1.2,7.1,10.4
184,2034,185,Mike Miller,1610612763,MEM,82,20.8,2.6,5.4,0.481,1.3,2.8,0.459,0.6,0.7,0.821,0.4,2.2,2.5,1.6,0.3,0.1,0.9,7.1,7.7
185,201162,186,Jared Dudley,1610612746,LAC,74,23.4,2.6,6.0,0.438,1.1,3.0,0.36,0.5,0.8,0.655,0.5,1.7,2.2,1.4,0.6,0.1,0.8,6.9,6.7
186,201956,187,Omri Casspi,1610612745,HOU,71,18.1,2.4,5.8,0.422,0.9,2.5,0.347,1.2,1.7,0.68,0.8,2.9,3.7,1.2,0.6,0.2,1.0,6.9,7.7
187,202344,188,Trevor Booker,1610612764,WAS,72,21.6,3.1,5.6,0.551,0.0,0.0,0.0,0.7,1.1,0.618,2.1,3.2,5.3,0.9,0.6,0.6,0.8,6.8,10.4
188,203507,189,Giannis Antetokounmpo,1610612749,MIL,77,24.6,2.2,5.4,0.414,0.5,1.5,0.347,1.8,2.6,0.683,1.0,3.4,4.4,1.9,0.8,0.8,1.6,6.8,9.1
189,202706,190,Jordan Hamilton,1610612745,HOU,60,17.0,2.5,6.3,0.391,1.2,3.3,0.354,0.7,0.9,0.784,0.5,2.7,3.2,0.9,0.7,0.3,0.8,6.7,7.1
190,202697,191,Iman Shumpert,1610612752,NYK,74,26.5,2.5,6.5,0.378,1.0,3.1,0.333,0.7,1.0,0.746,1.1,3.1,4.2,1.7,1.2,0.2,1.1,6.7,8.6
191,2365,192,Chris Andersen,1610612748,MIA,72,19.4,2.5,3.8,0.644,0.0,0.2,0.25,1.7,2.3,0.71,1.8,3.5,5.3,0.3,0.4,1.3,0.7,6.6,11.2
192,2223,193,Samuel Dalembert,1610612742,DAL,80,20.2,2.7,4.7,0.568,0.0,0.0,0.0,1.3,1.7,0.737,2.5,4.3,6.8,0.5,0.5,1.2,1.1,6.6,11.9
193,201228,194,C.J. Watson,1610612754,IND,63,18.9,2.3,5.3,0.437,0.8,2.3,0.366,1.1,1.4,0.784,0.3,1.3,1.6,1.7,1.0,0.1,1.0,6.6,6.7
194,201578,195,Marreese Speights,1610612744,GSW,79,12.4,2.5,5.6,0.441,0.1,0.4,0.258,1.4,1.7,0.821,1.3,2.4,3.7,0.4,0.1,0.4,0.8,6.4,6.8
195,202708,196,Norris Cole,1610612748,MIA,82,24.6,2.5,6.1,0.414,0.7,2.1,0.345,0.6,0.8,0.779,0.2,1.7,2.0,3.0,0.9,0.1,1.5,6.4,7.1
196,201585,197,Kosta Koufos,1610612763,MEM,80,16.9,2.8,5.7,0.495,0.0,0.0,0.0,0.8,1.2,0.645,2.0,3.2,5.2,0.5,0.4,0.9,0.8,6.4,9.3
197,201971,198,DeJuan Blair,1610612742,DAL,78,15.6,2.7,5.0,0.534,0.0,0.0,0.0,1.0,1.6,0.636,1.8,2.9,4.7,0.9,0.8,0.3,1.0,6.4,9.1
198,202734,199,E'Twaun Moore,1610612753,ORL,79,19.1,2.5,5.8,0.428,0.7,2.0,0.354,0.7,0.9,0.765,0.4,1.4,1.7,1.4,0.8,0.2,0.7,6.3,6.2
199,201967,200,Dante Cunningham,1610612750,MIN,81,20.2,2.9,6.3,0.464,0.0,0.1,0.0,0.5,0.8,0.567,1.4,2.7,4.1,1.0,0.8,0.7,0.5,6.3,8.6
200,200757,201,Thabo Sefolosha,1610612760,OKC,61,26.0,2.3,5.6,0.415,0.8,2.5,0.316,0.9,1.1,0.768,0.8,2.8,3.6,1.5,1.3,0.3,0.9,6.3,8.6
201,203110,202,Draymond Green,1610612744,GSW,82,21.9,2.3,5.6,0.407,0.7,2.0,0.333,1.0,1.5,0.667,1.0,3.9,5.0,1.9,1.2,0.9,1.1,6.2,10.3
202,203124,203,Kyle O'Quinn,1610612753,ORL,69,17.2,2.7,5.4,0.501,0.0,0.0,0.0,0.8,1.2,0.687,1.4,3.8,5.3,1.1,0.6,1.3,1.1,6.2,10.3
203,201229,204,Anthony Tolliver,1610612766,CHA,64,20.3,2.0,4.8,0.42,1.6,3.9,0.413,0.5,0.6,0.805,0.5,2.1,2.6,0.7,0.3,0.2,0.4,6.1,6.7
204,202379,205,Jeremy Evans,1610612762,UTA,66,18.3,2.7,5.0,0.527,0.0,0.0,0.0,0.8,1.1,0.68,1.8,2.9,4.7,0.7,0.6,0.7,0.6,6.1,9.4
205,202343,206,Elliot Williams,1610612755,PHI,67,17.3,2.1,5.0,0.415,0.6,1.9,0.296,1.3,1.8,0.731,0.4,1.5,1.9,1.1,0.5,0.0,1.0,6.0,5.2
206,203145,207,Kent Bazemore,1610612747,LAL,67,13.6,2.2,5.1,0.429,0.6,1.9,0.336,1.0,1.6,0.606,0.1,1.6,1.7,1.4,0.6,0.2,1.2,6.0,5.2
207,203138,208,Hollis Thompson,1610612755,PHI,77,22.6,2.2,4.8,0.46,0.9,2.2,0.401,0.7,0.9,0.712,0.9,2.3,3.2,0.9,0.7,0.2,0.8,6.0,7.3
208,203469,209,Cody Zeller,1610612766,CHA,82,17.3,2.1,4.9,0.426,0.0,0.0,0.0,1.8,2.4,0.73,1.4,2.9,4.3,1.1,0.5,0.5,1.1,6.0,7.8
209,2419,210,Tayshaun Prince,1610612763,MEM,76,25.6,2.6,6.5,0.407,0.3,0.9,0.29,0.4,0.8,0.567,0.4,2.7,3.1,1.6,0.5,0.3,0.5,6.0,6.7
210,201589,211,Darrell Arthur,1610612743,DEN,68,17.1,2.4,6.0,0.395,0.4,0.9,0.375,0.8,0.9,0.855,0.8,2.3,3.1,0.9,0.6,0.7,0.9,5.9,6.5
211,203484,212,Kentavious Caldwell-Pope,1610612765,DET,80,19.8,2.3,5.8,0.396,0.7,2.3,0.319,0.6,0.8,0.77,0.5,1.5,2.0,0.7,0.9,0.2,0.4,5.9,5.6
212,1882,213,Elton Brand,1610612737,ATL,73,19.4,2.5,4.5,0.539,0.0,0.0,0.0,0.8,1.3,0.649,1.3,3.6,4.9,1.0,0.5,1.2,0.8,5.7,10.1
213,203094,214,Andrew Nicholson,1610612753,ORL,76,15.4,2.4,5.5,0.429,0.4,1.2,0.315,0.6,0.8,0.825,0.7,2.7,3.4,0.3,0.2,0.3,0.7,5.7,6.0
214,203092,215,Tyler Zeller,1610612739,CLE,70,15.0,2.2,4.1,0.538,0.0,0.0,0.0,1.2,1.7,0.719,1.5,2.6,4.0,0.5,0.3,0.5,0.9,5.7,7.8
215,202334,216,Ed Davis,1610612763,MEM,63,15.2,2.5,4.6,0.534,0.0,0.0,0.0,0.7,1.4,0.528,1.5,2.7,4.1,0.4,0.3,0.7,0.6,5.7,7.7
216,201858,217,Cartier Martin,1610612737,ATL,59,14.7,1.9,4.5,0.42,1.0,2.6,0.391,0.8,1.1,0.738,0.2,1.6,1.9,0.6,0.5,0.1,0.6,5.6,5.1
217,202700,218,Donatas Motiejunas,1610612745,HOU,62,15.4,2.1,4.8,0.443,0.3,1.4,0.25,0.9,1.5,0.604,1.0,2.7,3.6,0.5,0.3,0.3,0.8,5.5,6.3
218,2566,219,Travis Outlaw,1610612758,SAC,63,16.9,2.1,5.2,0.399,0.7,1.9,0.35,0.7,0.8,0.808,0.6,2.1,2.7,0.8,0.3,0.3,0.4,5.4,5.8
219,203135,220,Robert Sacre,1610612747,LAL,65,16.8,2.2,4.6,0.477,0.0,0.0,0.0,1.0,1.4,0.681,1.3,2.6,3.9,0.8,0.4,0.7,0.7,5.4,7.6
220,965,221,Derek Fisher,1610612760,OKC,81,17.6,1.7,4.5,0.391,1.1,2.8,0.384,0.7,0.9,0.775,0.1,1.4,1.5,1.4,0.9,0.0,0.6,5.2,5.6
221,2422,222,John Salmons,1610612761,TOR,78,22.1,1.9,5.3,0.363,0.8,2.1,0.387,0.5,0.7,0.769,0.3,1.8,2.1,1.9,0.6,0.2,0.7,5.2,5.8
222,2222,223,Gerald Wallace,1610612738,BOS,58,24.4,2.0,4.0,0.504,0.3,1.1,0.297,0.8,1.7,0.465,0.6,3.0,3.7,2.5,1.3,0.2,1.7,5.1,8.2
223,202709,224,Cory Joseph,1610612759,SAS,68,13.8,1.9,3.9,0.475,0.2,0.6,0.316,1.2,1.4,0.823,0.5,1.1,1.6,1.7,0.5,0.2,0.6,5.0,6.1
224,2748,224,Dorell Wright,1610612757,POR,68,14.5,1.6,4.4,0.374,1.0,3.0,0.342,0.8,1.0,0.754,0.4,2.4,2.8,0.9,0.3,0.2,0.6,5.0,5.8
225,2557,226,Luke Ridnour,1610612766,CHA,61,18.7,2.1,5.4,0.385,0.6,1.8,0.343,0.3,0.4,0.654,0.4,1.2,1.6,2.9,0.5,0.1,1.1,5.0,5.6
226,201979,227,Nick Calathes,1610612763,MEM,71,16.5,2.0,4.4,0.457,0.3,0.9,0.311,0.6,1.0,0.611,0.3,1.6,1.9,2.9,0.9,0.1,1.4,4.9,6.6
227,1889,228,Andre Miller,1610612764,WAS,58,16.9,1.8,4.0,0.459,0.2,0.4,0.524,1.0,1.3,0.779,0.5,1.8,2.2,3.4,0.6,0.2,1.1,4.9,7.8
228,201946,229,Tyler Hansbrough,1610612761,TOR,64,15.3,1.5,3.1,0.474,0.0,0.0,0.0,2.0,2.9,0.681,1.9,2.6,4.5,0.3,0.4,0.3,0.7,4.9,7.1
229,203080,230,Thomas Robinson,1610612757,POR,70,12.5,2.0,4.2,0.481,0.0,0.0,0.0,0.8,1.4,0.564,1.5,2.9,4.4,0.5,0.3,0.3,0.8,4.8,6.7
230,203476,231,Gorgui Dieng,1610612750,MIN,60,13.6,1.9,3.8,0.498,0.0,0.0,1.0,1.0,1.6,0.634,1.7,3.3,5.0,0.7,0.5,0.8,0.9,4.8,8.4
231,203521,232,Matthew Dellavedova,1610612739,CLE,72,17.7,1.7,4.1,0.412,0.8,2.2,0.368,0.5,0.7,0.792,0.4,1.3,1.7,2.6,0.5,0.1,0.8,4.7,6.2
232,202730,233,Lavoy Allen,1610612754,IND,65,16.5,2.1,4.6,0.447,0.0,0.2,0.154,0.5,0.8,0.66,1.8,3.0,4.8,1.1,0.4,0.5,0.7,4.7,7.9
233,203109,234,Jae Crowder,1610612742,DAL,78,16.1,1.7,3.8,0.439,0.6,1.9,0.331,0.6,0.8,0.754,0.6,1.9,2.5,0.8,0.8,0.3,0.5,4.6,6.0
234,203503,235,Tony Snell,1610612741,CHI,77,16.0,1.7,4.4,0.384,0.7,2.3,0.32,0.4,0.5,0.756,0.2,1.4,1.6,0.9,0.4,0.2,0.6,4.5,4.2
235,1740,236,Rashard Lewis,1610612748,MIA,60,16.2,1.6,3.9,0.415,0.8,2.2,0.343,0.4,0.6,0.788,0.4,1.4,1.8,1.0,0.9,0.1,0.6,4.5,5.3
236,201973,237,Jonas Jerebko,1610612765,DET,64,11.6,1.5,3.3,0.471,0.5,1.2,0.419,0.7,0.9,0.729,0.8,1.9,2.7,0.6,0.3,0.1,0.7,4.2,5.3
237,2555,238,Nick Collison,1610612760,OKC,81,16.7,1.7,3.0,0.556,0.0,0.2,0.235,0.8,1.1,0.71,1.4,2.2,3.6,1.3,0.4,0.3,0.9,4.2,7.3
238,2203,239,Shane Battier,1610612748,MIA,73,20.1,1.4,3.8,0.382,1.0,2.9,0.348,0.2,0.3,0.652,0.5,1.4,1.9,0.9,0.7,0.5,0.3,4.1,5.3
239,202087,240,Alonzo Gee,1610612739,CLE,65,15.7,1.5,3.6,0.415,0.3,0.9,0.328,0.7,0.9,0.705,0.5,1.8,2.3,0.7,0.6,0.2,0.7,4.0,4.7
240,203144,241,Alexey Shved,1610612750,MIN,63,10.5,1.2,3.8,0.321,0.5,1.6,0.294,1.1,1.4,0.756,0.3,1.0,1.3,1.1,0.4,0.3,0.8,4.0,3.3
241,203143,242,Pablo Prigioni,1610612752,NYK,66,19.4,1.3,2.9,0.461,1.0,2.1,0.464,0.2,0.2,0.917,0.5,1.4,2.0,3.5,1.0,0.0,0.9,3.8,7.8
242,202397,243,Ish Smith,1610612756,PHX,70,14.4,1.7,4.0,0.423,0.0,0.3,0.043,0.3,0.6,0.564,0.4,1.4,1.8,2.6,0.7,0.2,0.9,3.7,5.5
243,101133,244,Ian Mahinmi,1610612754,IND,77,16.2,1.2,2.5,0.481,0.0,0.0,0.0,1.2,1.9,0.621,1.4,1.9,3.3,0.3,0.5,0.9,0.8,3.5,5.9
244,201601,245,Luc Mbah a Moute,1610612750,MIN,64,15.7,1.4,3.0,0.451,0.1,0.3,0.235,0.7,1.0,0.687,0.9,1.4,2.3,0.6,0.5,0.2,0.6,3.5,4.4
245,203197,246,Diante Garrett,1610612762,UTA,71,14.8,1.4,3.7,0.381,0.5,1.4,0.375,0.1,0.2,0.833,0.2,1.2,1.4,1.7,0.6,0.1,1.1,3.5,3.8
246,203103,247,Perry Jones III,1610612760,OKC,62,12.3,1.3,2.9,0.459,0.4,1.0,0.361,0.5,0.7,0.667,0.5,1.4,1.8,0.4,0.2,0.3,0.3,3.5,4.1
247,2570,248,Kendrick Perkins,1610612760,OKC,62,19.5,1.4,3.1,0.451,0.0,0.0,0.0,0.6,1.1,0.552,1.3,3.6,4.9,1.1,0.4,0.5,1.5,3.4,6.7
248,201965,249,Jeff Ayres,1610612759,SAS,73,13.0,1.4,2.4,0.58,0.0,0.0,0.0,0.5,0.8,0.691,1.2,2.3,3.5,0.8,0.2,0.3,0.9,3.3,6.1
249,203481,250,Jeff Withey,1610612740,NOP,58,11.8,1.2,2.2,0.535,0.0,0.0,0.0,0.9,1.3,0.712,0.8,1.7,2.6,0.4,0.3,0.9,0.3,3.3,5.7
250,203500,251,Steven Adams,1610612760,OKC,81,14.8,1.1,2.3,0.503,0.0,0.0,0.0,1.0,1.7,0.581,1.8,2.3,4.1,0.5,0.5,0.7,0.9,3.3,6.4
251,2588,252,Matt Bonner,1610612759,SAS,61,11.3,1.2,2.7,0.445,0.7,1.6,0.429,0.1,0.2,0.75,0.3,1.9,2.1,0.5,0.2,0.2,0.3,3.2,4.5
252,202687,253,Bismack Biyombo,1610612766,CHA,77,13.9,1.1,1.9,0.611,0.0,0.0,0.0,0.6,1.2,0.517,1.4,3.4,4.8,0.1,0.1,1.1,0.5,2.9,7.1
253,203515,254,Phil Pressey,1610612738,BOS,75,15.1,1.0,3.4,0.308,0.4,1.4,0.264,0.4,0.6,0.644,0.3,1.1,1.4,3.2,0.9,0.1,1.2,2.8,4.7
254,203112,255,Quincy Acy,1610612758,SAC,63,13.5,1.0,2.2,0.468,0.1,0.2,0.267,0.6,0.8,0.66,1.1,2.3,3.4,0.4,0.4,0.4,0.5,2.7,5.4
255,200797,256,Ryan Hollins,1610612746,LAC,61,7.9,0.9,1.2,0.736,0.0,0.0,0.0,0.6,0.9,0.625,0.5,1.0,1.5,0.1,0.1,0.5,0.5,2.3,3.4
256,101236,257,Chuck Hayes,1610612761,TOR,61,12.3,0.9,2.1,0.431,0.0,0.0,0.0,0.3,0.4,0.8,1.1,2.3,3.4,0.6,0.6,0.2,0.5,2.2,5.1
257,202066,258,Garrett Temple,1610612764,WAS,75,8.5,0.7,1.9,0.362,0.1,0.4,0.207,0.4,0.6,0.698,0.3,0.6,0.9,1.0,0.5,0.1,0.6,1.8,2.4
258,1737,259,Nazr Mohammed,1610612741,CHI,80,7.0,0.7,1.6,0.429,0.0,0.0,0.0,0.2,0.4,0.533,0.8,1.4,2.2,0.3,0.2,0.4,0.5,1.6,3.0
